{
  "id": "",
  "name": "",
  "font_family": "iconfont",
  "css_prefix_text": "icon-",
  "description": "",
  "glyphs": [
    {
      "icon_id": "677569",
      "name": "放大镜",
      "font_class": "fangdajing",
      "unicode": "e617",
      "unicode_decimal": 58903
    },
    {
      "icon_id": "2718745",
      "name": "新浪",
      "font_class": "xinlang",
      "unicode": "e614",
      "unicode_decimal": 58900
    },
    {
      "icon_id": "14624651",
      "name": "购物车",
      "font_class": "gouwuche",
      "unicode": "e60d",
      "unicode_decimal": 58893
    }
  ]
}
